グループ名,名前,プロフィール,公式HP
乃木坂46,山本穂乃香,,
乃木坂46,吉本彩華,,
乃木坂46,岩瀬佑美子,,
乃木坂46,安藤美雲,,
乃木坂46,柏幸奈,,
乃木坂46,宮澤成良,,
乃木坂46,西川七海,,
乃木坂46,市來玲奈,https://www.ntv.co.jp/announcer/profile/r_ichiki.html,
乃木坂46,矢田里沙子,,
乃木坂46,米徳京花,,
乃木坂46,伊藤寧々,,
乃木坂46,大和里菜,,
乃木坂46,畠中清羅,,
乃木坂46,松井玲奈,https://www.aplus-japan.com/talent/matsuirena,
乃木坂46,永島聖羅,,
乃木坂46,深川麻衣,,https://fukagawamai.com
乃木坂46,橋本奈々未,,
乃木坂46,中元日芽香,https://n46llc.com/s/m00/artist/6,https://nakamotohimeka.com
乃木坂46,伊藤万理華,https://n46llc.com/s/m00/artist/3,https://itomarika.com
乃木坂46,川村真洋,,
乃木坂46,生駒里奈,https://ament.co.jp/talent/rina-ikoma,
乃木坂46,斎藤ちはる,https://www.tv-asahi.co.jp/announcer/personal/women/saito/,
乃木坂46,相楽伊織,,https://sagara-iori.jp
乃木坂46,若月佑美,,https://wakatsuki-yumi.com
乃木坂46,能條愛未,https://www.tp-e.jp/talent/noujoami/,
乃木坂46,川後陽菜,,
乃木坂46,西野七瀬,https://n46llc.com/s/m00/artist/7,https://nishinonanase.com
乃木坂46,衛藤美彩,https://www.tp-e.jp/talent/etomisa,
乃木坂46,伊藤かりん,https://n46llc.com/s/m00/artist/2,
乃木坂46,斉藤優里,,https://saitoyuri.kospro.jp
乃木坂46,桜井玲香,https://n46llc.com/s/m00/artist/11,https://reikasakurai.com
乃木坂46,佐々木琴子,https://stylecube.jp/talents/kotoko/index.html,
乃木坂46,井上小百合,https://www.siscompany.com/management/artist.php?id=30,
乃木坂46,中田花奈,https://n46llc.com/s/m00/artist/13,https://kananakada.jp/
乃木坂46,白石麻衣,https://n46llc.com/s/m00/artist/12,https://maishiraishi-official.com/
乃木坂46,堀未央奈,,https://hori-miona.com
乃木坂46,松村沙友理,https://www.firstagent.jp/matsumura-sayuri/,https://matsumurasayuri.jp
乃木坂46,伊藤純奈,https://tieworks.jp/agents/%E4%BC%8A%E8%97%A4%E7%B4%94%E5%A5%88/,
乃木坂46,渡辺みり愛,https://www.alligator-ltd.jp/talent/watanabe_miria/index.html,
乃木坂46,大園桃子,,
乃木坂46,高山一実,https://n46llc.com/s/m00/artist/15,https://kazumitakayama.com/
乃木坂46,寺田蘭世,,
乃木坂46,生田絵梨花,https://www.ohtapro.co.jp/talent/ikutaerika/,https://erikaikuta.jp
乃木坂46,新内眞衣,https://www.centforce.com/profile/t_profile/shinuchimai.html,
乃木坂46,星野みなみ,,
乃木坂46,北野日奈子,,https://www.kitanohinako-fc.jp
乃木坂46,山崎怜奈,,https://yamazakirena.jp
乃木坂46,樋口日奈,https://n46llc.com/s/m00/artist/16,https://higuchihina.jp/
乃木坂46,和田まあや,,https://maaya-plus.fanpla.jp
乃木坂46,齋藤飛鳥,https://n46llc.com/s/m00/artist/17,https://asukasaito.jp/
乃木坂46,秋元真夏,https://www.japanmusic.jp/talent/akimotomanatsu/,https://www.akimotomanatsu-fc.jp
乃木坂46,鈴木絢音,https://ament.co.jp/talent/ayane-suzuki-%e9%88%b4%e6%9c%a8%e7%b5%a2%e9%9f%b3,
乃木坂46,北川悠理,,
乃木坂46,早川聖来,,
乃木坂46,山下美月,https://n46llc.com/s/m00/artist/18,https://mizukiyamashita.com
乃木坂46,阪口珠美,,https://tamamisakaguchi.jp
乃木坂46,清宮レイ,,
乃木坂46,掛橋沙耶香,,
乃木坂46,向井葉月,,
乃木坂46,与田祐希,https://n46llc.com/s/m00/artist/19,https://yuukiyoda.com/
乃木坂46,佐藤楓,https://www.nogizaka46.com/s/n46/artist/36755,
乃木坂46,伊藤理々杏,https://www.nogizaka46.com/s/n46/artist/36749,
乃木坂46,岩本蓮加,https://www.nogizaka46.com/s/n46/artist/36750,
乃木坂46,梅澤美波,https://www.nogizaka46.com/s/n46/artist/36751,
乃木坂46,久保史緒里,https://www.nogizaka46.com/s/n46/artist/36753,
乃木坂46,中村麗乃,https://www.nogizaka46.com/s/n46/artist/36756,
乃木坂46,吉田綾乃クリスティー,https://www.nogizaka46.com/s/n46/artist/36759,
乃木坂46,遠藤さくら,https://www.nogizaka46.com/s/n46/artist/48006,
乃木坂46,賀喜遥香,https://www.nogizaka46.com/s/n46/artist/48008,
乃木坂46,金川紗耶,https://www.nogizaka46.com/s/n46/artist/48010,
乃木坂46,黒見明香,https://www.nogizaka46.com/s/n46/artist/55383,
乃木坂46,佐藤璃果,https://www.nogizaka46.com/s/n46/artist/55384,
乃木坂46,柴田柚菜,https://www.nogizaka46.com/s/n46/artist/48013,
乃木坂46,田村真佑,https://www.nogizaka46.com/s/n46/artist/48015,
乃木坂46,筒井あやめ,https://www.nogizaka46.com/s/n46/artist/48017,
乃木坂46,林瑠奈,https://www.nogizaka46.com/s/n46/artist/55385,
乃木坂46,松尾美佑,https://www.nogizaka46.com/s/n46/artist/55386,
乃木坂46,矢久保美緒,https://www.nogizaka46.com/s/n46/artist/48019,
乃木坂46,弓木奈於,https://www.nogizaka46.com/s/n46/artist/55387,
乃木坂46,五百城茉央,https://www.nogizaka46.com/s/n46/artist/55396,
乃木坂46,池田瑛紗,https://www.nogizaka46.com/s/n46/artist/55397,
乃木坂46,一ノ瀬美空,https://www.nogizaka46.com/s/n46/artist/55390,
乃木坂46,井上和,https://www.nogizaka46.com/s/n46/artist/55389,
乃木坂46,岡本姫奈,https://www.nogizaka46.com/s/n46/artist/55401,
乃木坂46,小川彩,https://www.nogizaka46.com/s/n46/artist/55392,
乃木坂46,奥田いろは,https://www.nogizaka46.com/s/n46/artist/55394,
乃木坂46,川﨑桜,https://www.nogizaka46.com/s/n46/artist/55400,
乃木坂46,菅原咲月,https://www.nogizaka46.com/s/n46/artist/55391,
乃木坂46,冨里奈央,https://www.nogizaka46.com/s/n46/artist/55393,
乃木坂46,中西アルノ,https://www.nogizaka46.com/s/n46/artist/55395,
乃木坂46,愛宕心響,https://www.nogizaka46.com/s/n46/artist/63101,
乃木坂46,大越ひなの,https://www.nogizaka46.com/s/n46/artist/63102,
乃木坂46,小津玲奈,https://www.nogizaka46.com/s/n46/artist/63103,
乃木坂46,海邉朱莉,https://www.nogizaka46.com/s/n46/artist/63104,
乃木坂46,川端晃菜,https://www.nogizaka46.com/s/n46/artist/63105,
乃木坂46,鈴木佑捺,https://www.nogizaka46.com/s/n46/artist/63106,
乃木坂46,瀬戸口心月,https://www.nogizaka46.com/s/n46/artist/63107,
乃木坂46,長嶋凛桜,https://www.nogizaka46.com/s/n46/artist/63108,
乃木坂46,増田三莉音,https://www.nogizaka46.com/s/n46/artist/63109,
乃木坂46,森平麗心,https://www.nogizaka46.com/s/n46/artist/63110,
乃木坂46,矢田萌華,https://www.nogizaka46.com/s/n46/artist/63111,
日向坂46,長濱ねる,,https://nagahamaneru.jp
日向坂46,柿崎芽実,,
日向坂46,井口眞緒,,
日向坂46,渡邉美穂,https://www.queen-b.jp/posts/36828564?categoryIds=6810315,https://mihowatanabe.jp/
日向坂46,宮田愛萌,https://www.farminc.co.jp/ranch/%E5%AE%AE%E7%94%B0%E6%84%9B%E8%90%8C,
日向坂46,影山優佳,https://ogipro.com/talent/kageyama/,https://kageyamayuka.com/
日向坂46,岸帆夏,,
日向坂46,潮紗理菜,https://www.centforce.com/profile/t_profile/ushiosarina.html,https://ushiosarina.com/
日向坂46,齊藤京子,https://www.toho-ent.co.jp/actor/96610,https://saitokyoko.jp/
日向坂46,高本彩花,,
日向坂46,濱岸ひより,https://www.horipro.co.jp/hamagishihiyori/,
日向坂46,加藤史帆,,https://shihokato.com/
日向坂46,東村芽依,,
日向坂46,丹生明里,,https://akarinibu.com/
日向坂46,佐々木美玲,,
日向坂46,佐々木久美,,https://kumisasaki.com/
日向坂46,高瀬愛奈,https://www.hinatazaka46.com/s/official/artist/9,
日向坂46,金村美玖,https://www.hinatazaka46.com/s/official/artist/12,
日向坂46,河田陽菜,https://www.hinatazaka46.com/s/official/artist/13,
日向坂46,小坂菜緒,https://www.hinatazaka46.com/s/official/artist/14,
日向坂46,富田鈴花,https://www.hinatazaka46.com/s/official/artist/15,
日向坂46,松田好花,https://www.hinatazaka46.com/s/official/artist/18,
日向坂46,上村ひなの,https://www.hinatazaka46.com/s/official/artist/21,
日向坂46,髙橋未来虹,https://www.hinatazaka46.com/s/official/artist/22,
日向坂46,森本茉莉,https://www.hinatazaka46.com/s/official/artist/23,
日向坂46,山口陽世,https://www.hinatazaka46.com/s/official/artist/24,
日向坂46,石塚瑶季,https://www.hinatazaka46.com/s/official/artist/25,
日向坂46,小西夏菜実,https://www.hinatazaka46.com/s/official/artist/27,
日向坂46,清水理央,https://www.hinatazaka46.com/s/official/artist/28,
日向坂46,正源司陽子,https://www.hinatazaka46.com/s/official/artist/29,
日向坂46,竹内希来里,https://www.hinatazaka46.com/s/official/artist/30,
日向坂46,平尾帆夏,https://www.hinatazaka46.com/s/official/artist/31,
日向坂46,平岡海月,https://www.hinatazaka46.com/s/official/artist/32,
日向坂46,藤嶌果歩,https://www.hinatazaka46.com/s/official/artist/33,
日向坂46,宮地すみれ,https://www.hinatazaka46.com/s/official/artist/34,
日向坂46,山下葉留花,https://www.hinatazaka46.com/s/official/artist/35,
日向坂46,渡辺莉奈,https://www.hinatazaka46.com/s/official/artist/36,
日向坂46,大田美月,https://www.hinatazaka46.com/s/official/artist/37,
日向坂46,大野愛実,https://www.hinatazaka46.com/s/official/artist/38,
日向坂46,片山紗希,https://www.hinatazaka46.com/s/official/artist/39,
日向坂46,蔵盛妃那乃,https://www.hinatazaka46.com/s/official/artist/40,
日向坂46,坂井新奈,https://www.hinatazaka46.com/s/official/artist/41,
日向坂46,佐藤優羽,https://www.hinatazaka46.com/s/official/artist/42,
日向坂46,下田衣珠季,https://www.hinatazaka46.com/s/official/artist/43,
日向坂46,高井俐香,https://www.hinatazaka46.com/s/official/artist/44,
日向坂46,鶴崎仁香,https://www.hinatazaka46.com/s/official/artist/45,
日向坂46,松尾桜,https://www.hinatazaka46.com/s/official/artist/46,
櫻坂46,鈴木泉帆,,
櫻坂46,原田まゆ,,
櫻坂46,今泉佑唯,,https://yui-imaizumi.com/
櫻坂46,志田愛佳,,
櫻坂46,米谷奈々未,,
櫻坂46,織田奈那,https://seju.tokyo/talents/nana-oda/,
櫻坂46,鈴本美愉,,
櫻坂46,平手友梨奈,https://cloud9pro.co.jp/artist/profile/yurinahirate/,
櫻坂46,長沢菜々香,,
櫻坂46,石森虹花,,
櫻坂46,佐藤詩織,,
櫻坂46,松平璃子,,
櫻坂46,守屋茜,https://tencarat.co.jp/moriyaakane/,https://moriyaakane.com/
櫻坂46,渡辺梨加,,
櫻坂46,渡邉理佐,,
櫻坂46,原田葵,https://www.fujitv.co.jp/ana/profile/a-harada.html,
櫻坂46,尾関梨香,,
櫻坂46,菅井友香,https://topcoat.co.jp/yuka_sugai,
櫻坂46,関有美子,,
櫻坂46,土生瑞穂,,https://habumizuho.com/
櫻坂46,小林由依,,
櫻坂46,齋藤冬優花,https://infinity-dance.jp/artist/saito-fuyuka/,
櫻坂46,上村莉菜,,
櫻坂46,小池美波,https://sakurazaka46.com/s/s46/artist/06,
櫻坂46,井上梨名,https://sakurazaka46.com/s/s46/artist/43,
櫻坂46,遠藤光莉,https://sakurazaka46.com/s/s46/artist/53,
櫻坂46,大園玲,https://sakurazaka46.com/s/s46/artist/54,
櫻坂46,大沼晶保,https://sakurazaka46.com/s/s46/artist/55,
櫻坂46,幸阪茉里乃,https://sakurazaka46.com/s/s46/artist/56,
櫻坂46,武元唯衣,https://sakurazaka46.com/s/s46/artist/45,
櫻坂46,田村保乃,https://sakurazaka46.com/s/s46/artist/46,
櫻坂46,藤吉夏鈴,https://sakurazaka46.com/s/s46/artist/47,
櫻坂46,増本綺良,https://sakurazaka46.com/s/s46/artist/57,
櫻坂46,松田里奈,https://sakurazaka46.com/s/s46/artist/48,
櫻坂46,森田ひかる,https://sakurazaka46.com/s/s46/artist/50,
櫻坂46,守屋麗奈,https://sakurazaka46.com/s/s46/artist/58,
櫻坂46,山﨑天,https://sakurazaka46.com/s/s46/artist/51,
櫻坂46,石森璃花,https://sakurazaka46.com/s/s46/artist/59,
櫻坂46,遠藤理子,https://sakurazaka46.com/s/s46/artist/60,
櫻坂46,小田倉麗奈,https://sakurazaka46.com/s/s46/artist/61,
櫻坂46,小島凪紗,https://sakurazaka46.com/s/s46/artist/62,
櫻坂46,谷口愛季,https://sakurazaka46.com/s/s46/artist/63,
櫻坂46,中嶋優月,https://sakurazaka46.com/s/s46/artist/64,
櫻坂46,的野美青,https://sakurazaka46.com/s/s46/artist/65,
櫻坂46,向井純葉,https://sakurazaka46.com/s/s46/artist/66,
櫻坂46,村井優,https://sakurazaka46.com/s/s46/artist/67,
櫻坂46,村山美羽,https://sakurazaka46.com/s/s46/artist/68,
櫻坂46,山下瞳月,https://sakurazaka46.com/s/s46/artist/69,
櫻坂46,浅井恋乃未,-,
櫻坂46,稲熊ひな,-,
櫻坂46,勝又春,-,
櫻坂46,佐藤愛桜,-,
櫻坂46,中川智尋,-,
櫻坂46,松本和子,-,
櫻坂46,目黒陽色,-,
櫻坂46,山川宇衣,-,
櫻坂46,山田桃実,-,
